Suite/Test/Step Name,Browser,Description,Tag,Start time,End time,Duration,Status
Explore Berikhtiar,Chrome 80.0.3987.132,,,2020-09-27 22:10:11,2020-09-27 22:10:34,22.633s,PASSED
,,,,,,,
Test Cases/Explore BerIkhtiar 1,Chrome 80.0.3987.132,,,2020-09-27 22:10:12,2020-09-27 22:10:34,22.123s,PASSED
"openBrowser("""")",Chrome 80.0.3987.132,,,2020-09-27 22:10:12,2020-09-27 22:10:19,6.160s,PASSED
"navigateToUrl(""https://berikhtiar.com/qa.testing.1"")",Chrome 80.0.3987.132,,,2020-09-27 22:10:19,2020-09-27 22:10:23,4.691s,PASSED
"click(findTestObject(""Object Repository/ExploreDepanBerikhtiar/Page_Toko QA Testing 1/a_Kategori""))",Chrome 80.0.3987.132,,,2020-09-27 22:10:23,2020-09-27 22:10:27,3.867s,PASSED
"click(findTestObject(""Object Repository/ExploreDepanBerikhtiar/Page_Toko QA Testing 1 - Kategori/a_Semua""))",Chrome 80.0.3987.132,,,2020-09-27 22:10:27,2020-09-27 22:10:29,1.397s,PASSED
"click(findTestObject(""Object Repository/ExploreDepanBerikhtiar/Page_Toko QA Testing 1/a_Kontak""))",Chrome 80.0.3987.132,,,2020-09-27 22:10:29,2020-09-27 22:10:30,1.089s,PASSED
"switchToWindowTitle(""Share on WhatsApp"")",Chrome 80.0.3987.132,,,2020-09-27 22:10:30,2020-09-27 22:10:32,1.822s,PASSED
"click(findTestObject(""Object Repository/ExploreDepanBerikhtiar/Page_Share on WhatsApp/a_Share on WhatsApp__36or _2zq_""))",Chrome 80.0.3987.132,,,2020-09-27 22:10:32,2020-09-27 22:10:33,1.493s,PASSED
"switchToWindowTitle(""Toko QA Testing 1"")",Chrome 80.0.3987.132,,,2020-09-27 22:10:33,2020-09-27 22:10:33,0.078s,PASSED
"click(findTestObject(""Object Repository/ExploreDepanBerikhtiar/Page_Toko QA Testing 1/a_Akun""))",Chrome 80.0.3987.132,,,2020-09-27 22:10:33,2020-09-27 22:10:34,0.658s,PASSED
closeBrowser(),Chrome 80.0.3987.132,,,2020-09-27 22:10:34,2020-09-27 22:10:34,0.282s,PASSED
